Debug,10000,128,10,1000,20260121,baseline_bruteforce,-,248.012859,2.281000,1.000000
Debug,100000,128,10,1000,20260121,baseline_bruteforce,-,24.757316,21.975000,1.000000
Debug,10000,128,10,1000,20260121,baseline_bruteforce,-,248.194078,2.254000,1.000000
Debug,100000,128,10,1000,20260121,baseline_bruteforce,-,24.833196,21.963000,1.000000
Debug,10000,128,10,1000,20260121,baseline_bruteforce,-,236.480638,2.781000,1.000000
Debug,100000,128,10,1000,20260121,baseline_bruteforce,-,24.572272,22.239000,1.000000
Debug,10000,128,10,1000,20260121,baseline_bruteforce,-,236.476444,2.360000,1.000000
Debug,10000,128,10,1000,20260121,hnsw,M=16;efC=200;efS=50,429.441293,0.305000,0.518700
Debug,100000,128,10,1000,20260121,baseline_bruteforce,-,23.731838,22.865000,1.000000
Debug,100000,128,10,1000,20260121,hnsw,M=16;efC=200;efS=50,47.144089,0.528000,0.205500
Debug,10000,128,10,1000,20260121,baseline_bruteforce,-,245.790590,2.276000,1.000000
Debug,10000,128,10,1000,20260121,hnsw,M=16;efC=200;efS=200,374.951022,0.835000,0.808100
Debug,100000,128,10,1000,20260121,baseline_bruteforce,-,24.711128,21.979000,1.000000
Debug,100000,128,10,1000,20260121,hnsw,M=16;efC=200;efS=200,47.461928,1.316000,0.443800
Release,10000,128,10,1000,20260121,baseline_bruteforce,-,1187.546908,0.858000,1.000000
Release,10000,128,10,1000,20260121,hnsw,M=16;efC=200;efS=200,1807.501130,0.223000,0.808100
Release,100000,128,10,1000,20260121,baseline_bruteforce,-,99.655124,6.191000,1.000000
Release,100000,128,10,1000,20260121,hnsw,M=16;efC=200;efS=200,194.702950,0.666000,0.443800
Debug,10000,128,10,1000,20260121,baseline_bruteforce,-,241.631399,2.339000,1.000000
Debug,10000,128,10,1000,20260121,hnsw,M=16;efC=200;efS=400,319.514542,1.319000,0.898400
Debug,100000,128,10,1000,20260121,baseline_bruteforce,-,24.486772,22.343000,1.000000
Debug,100000,128,10,1000,20260121,hnsw,M=16;efC=200;efS=400,45.200045,2.367000,0.574700
Debug,10000,128,10,1000,20260121,baseline_bruteforce,-,243.417859,2.317000,1.000000
Debug,10000,128,10,1000,20260121,hnsw,M=16;efC=200;efS=800,262.401557,2.166000,0.949100
Debug,100000,128,10,1000,20260121,baseline_bruteforce,-,24.547360,22.721000,1.000000
Debug,100000,128,10,1000,20260121,hnsw,M=16;efC=200;efS=800,41.648742,4.187000,0.701100
Debug,10000,128,10,1000,20260121,baseline_bruteforce,-,244.416787,2.323000,1.000000
Debug,10000,128,10,1000,20260121,hnsw,M=32;efC=200;efS=200,331.244176,1.213000,0.941100
Debug,100000,128,10,1000,20260121,baseline_bruteforce,-,24.536844,22.351000,1.000000
Debug,100000,128,10,1000,20260121,hnsw,M=32;efC=200;efS=200,45.363608,2.361000,0.663000
Release,10000,128,10,1000,20260121,baseline_bruteforce,-,1221.573974,0.507000,1.000000
Release,10000,128,10,1000,20260121,hnsw,M=32;efC=200;efS=200,1648.320856,0.277000,0.941100
Release,100000,128,10,1000,20260121,baseline_bruteforce,-,101.471355,6.147000,1.000000
Release,100000,128,10,1000,20260121,hnsw,M=32;efC=200;efS=200,176.180005,1.153000,0.663000
Release,10000,128,10,1000,20260121,baseline_bruteforce,-,1231.173813,0.503000,1.000000
Release,10000,128,10,1000,20260121,hnsw,M=32;efC=200;efS=400,1312.814911,0.481000,0.976300
Release,100000,128,10,1000,20260121,baseline_bruteforce,-,100.581724,6.051000,1.000000
Release,100000,128,10,1000,20260121,hnsw,M=32;efC=200;efS=400,162.535079,1.805000,0.795400
Release,10000,128,10,1000,20260121,baseline_bruteforce,-,1200.024961,0.559000,1.000000
Release,10000,128,10,1000,20260121,hnsw,M=32;efC=200;efS=400,1265.558459,0.522000,0.976300
Release,100000,128,10,1000,20260121,baseline_bruteforce,-,97.924069,6.169000,1.000000
Release,10000,128,10,1000,20260121,baseline_bruteforce,-,0.789000,12674271.229404,1224.177506,0.902000,1.000000
Release,10000,128,10,1000,20260121,hnsw,M=32;efC=200;efS=400,2170.389000,4607.468984,1326.900520,0.467000,0.976300
Release,100000,128,10,1000,20260121,baseline_bruteforce,-,8.644000,11568718.186025,102.007185,5.693000,1.000000
Release,100000,128,10,1000,20260121,hnsw,M=32;efC=200;efS=400,47365.219000,2111.253830,163.893426,1.785000,0.795400
Release,10000,128,10,1000,20260121,baseline_bruteforce,-,0.810000,12345679.012346,1216.104137,0.484000,1.000000
Release,10000,128,10,1000,20260121,hnsw,M=16;efC=200;efS=50,1287.595000,7766.417235,2261.036685,0.079000,0.518700
Release,10000,128,10,1000,20260121,hnsw,M=32;efC=200;efS=400,2174.203000,4599.386534,1307.822084,0.508000,0.976300
Release,10000,128,10,1000,20260121,hnsw,M=64;efC=200;efS=500,4767.214000,2097.661234,1124.509011,0.626000,0.998300
Release,100000,128,10,1000,20260121,baseline_bruteforce,-,8.726000,11460004.584002,102.239275,5.792000,1.000000
Release,100000,128,10,1000,20260121,hnsw,M=16;efC=200;efS=50,23675.354000,4223.801680,204.605046,0.264000,0.205500
Release,100000,128,10,1000,20260121,hnsw,M=32;efC=200;efS=400,46534.669000,2148.935453,163.210974,1.823000,0.795400
Release,100000,128,10,1000,20260121,hnsw,M=64;efC=200;efS=500,101536.680000,984.865765,132.396566,3.401000,0.949700
Release,10000,128,10,1000,20260121,baseline_bruteforce,-,0.680000,14705882.352941,1214.420515,0.479000,1.000000
Release,10000,128,10,1000,20260121,hnsw,M=16;efC=200;efS=50,984.126000,10161.300484,2401.312077,0.053000,0.016500
Release,10000,128,10,1000,20260121,hnsw,M=32;efC=200;efS=400,1308.446000,7642.653957,1482.258844,0.580000,0.023200
Release,10000,128,10,1000,20260121,hnsw,M=64;efC=200;efS=500,1598.590000,6255.512671,1130.154210,1.116000,0.026800
Release,100000,128,10,1000,20260121,baseline_bruteforce,-,11.110000,9000900.090009,99.228567,5.448000,1.000000
Release,100000,128,10,1000,20260121,hnsw,M=16;efC=200;efS=50,11420.172000,8756.435542,206.599405,0.077000,0.004500
Release,100000,128,10,1000,20260121,hnsw,M=32;efC=200;efS=400,16394.808000,6099.491986,193.755831,0.691000,0.007600
Release,100000,128,10,1000,20260121,hnsw,M=64;efC=200;efS=500,22041.964000,4536.800804,185.152304,1.400000,0.011900
Release,10000,128,10,1000,20260121,baseline_bruteforce,-,0.775000,12903225.806452,1176.171702,0.495000,1.000000
Release,10000,128,10,1000,20260121,hnsw,M=16;efC=200;efS=50,1288.193000,7762.811939,2140.232301,0.137000,0.518700
Release,10000,128,10,1000,20260121,hnsw,M=32;efC=200;efS=400,2261.735000,4421.384468,1279.415358,0.462000,0.976300
Release,10000,128,10,1000,20260121,hnsw,M=64;efC=200;efS=500,4941.957000,2023.489885,1058.186501,0.627000,0.998300
Release,100000,128,10,1000,20260121,baseline_bruteforce,-,8.887000,11252391.133116,100.976055,5.474000,1.000000
Release,100000,128,10,1000,20260121,hnsw,M=16;efC=200;efS=50,27145.772000,3683.814923,202.085033,0.274000,0.205500
Release,100000,128,10,1000,20260121,hnsw,M=32;efC=200;efS=400,53100.157000,1883.233603,155.497997,1.915000,0.795400
Release,100000,128,10,1000,20260121,hnsw,M=64;efC=200;efS=500,115576.385000,865.228654,124.701014,3.728000,0.949700
Release,10000,128,10,1000,20260121,baseline_bruteforce,-,1.328000,7530120.481928,1216.817390,0.458000,1.000000
Release,10000,128,10,1000,20260121,hnsw,M=16;efC=200;efS=50,1303.686000,7670.558708,2085.718874,0.175000,0.518700
Release,10000,128,10,1000,20260121,hnsw,M=32;efC=200;efS=400,2265.915000,4413.228210,1271.021100,0.497000,0.976300
Release,10000,128,10,1000,20260121,hnsw,M=64;efC=200;efS=500,4985.154000,2005.956085,1040.956431,0.696000,0.998300
Release,100000,128,10,1000,20260121,baseline_bruteforce,-,10.422000,9595087.315295,100.529256,6.161000,1.000000
Release,100000,128,10,1000,20260121,hnsw,M=16;efC=200;efS=50,27679.995000,3612.717416,200.490882,0.284000,0.205500
Release,100000,128,10,1000,20260121,hnsw,M=32;efC=200;efS=400,53275.532000,1877.034283,156.023303,1.903000,0.795400
Release,100000,128,10,1000,20260121,hnsw,M=64;efC=200;efS=500,115357.112000,866.873297,126.314221,3.608000,0.949700
Release,10000,128,10,1000,20260121,baseline_bruteforce,-,0.830000,12048192.771084,1220.656933,0.441000,1.000000
Release,10000,128,10,1000,20260121,hnsw,M=16;efC=200;efS=50,1294.715000,7723.707534,2170.661770,0.102000,0.518700
Release,10000,128,10,1000,20260121,hnsw,M=32;efC=200;efS=400,2250.307000,4443.838107,1250.722292,0.823000,0.976300
Release,10000,128,10,1000,20260121,hnsw,M=64;efC=200;efS=500,4925.978000,2030.053727,1045.118825,0.689000,0.998300
Release,100000,128,10,1000,20260121,baseline_bruteforce,-,9.703000,10306090.899722,100.618785,5.462000,1.000000
Release,100000,128,10,1000,20260121,hnsw,M=16;efC=200;efS=50,26762.045000,3736.635224,201.912352,0.269000,0.205500
Release,100000,128,10,1000,20260121,hnsw,M=32;efC=200;efS=400,52700.253000,1897.524097,156.420621,1.887000,0.795400
Release,100000,128,10,1000,20260121,hnsw,M=64;efC=200;efS=500,115134.645000,868.548298,125.379257,3.724000,0.949700
Release,10000,128,10,1000,20260121,baseline_bruteforce,-,0.727000,13755158.184319,1217.441061,0.479000,1.000000
Release,10000,128,10,1000,20260121,baseline_bruteforce,-,0.720000,13888888.888889,1189.223259,0.526000,1.000000
Release,10000,128,10,1000,20260121,baseline_bruteforce,-,0.871000,11481056.257176,1187.898169,0.524000,1.000000
Release,10000,128,10,1000,20260121,baseline_bruteforce,-,0.784000,12755102.040816,1195.633070,0.469000,1.000000
Release,10000,128,10,1000,20260121,hnsw,M=32;efC=200;efS=400,2281.123000,4383.805696,1273.883728,0.446000,0.976300
Release,100000,128,10,1000,20260121,baseline_bruteforce,-,9.310000,10741138.560687,101.554020,5.531000,1.000000
Release,100000,128,10,1000,20260121,hnsw,M=32;efC=200;efS=400,53340.831000,1874.736447,153.891516,2.148000,0.795400
Release,10000,128,10,1000,20260121,baseline_bruteforce,-,1.263000,7917656.373713,1215.257313,0.443000,1.000000
Release,10000,128,10,1000,20260121,hnsw,M=32;efC=200;efS=400,2007.519000,4981.272905,1291.694277,0.430000,0.976300
Release,100000,128,10,1000,20260121,baseline_bruteforce,-,9.410000,10626992.561105,98.451951,5.791000,1.000000
Release,100000,128,10,1000,20260121,hnsw,M=32;efC=200;efS=400,50666.436000,1973.693196,154.781079,1.991000,0.795400
Release,10000,128,10,1000,20260121,baseline_bruteforce,-,0.995000,10050251.256281,1225.275473,0.439000,1.000000
Release,10000,128,10,1000,20260121,hnsw,M=32;efC=200;efS=400,2030.366000,4925.220379,1276.210166,0.445000,0.976300
Release,100000,128,10,1000,20260121,baseline_bruteforce,-,9.839000,10163634.515703,99.425292,5.615000,1.000000
Release,100000,128,10,1000,20260121,hnsw,M=32;efC=200;efS=400,51439.411000,1944.034701,144.899354,2.467000,0.795400
Release,10000,128,10,1000,20260121,baseline_bruteforce,-,0.935000,10695187.165775,1195.482987,0.456000,1.000000
Release,10000,128,10,1000,20260121,hnsw,M=32;efC=200;efS=400,2038.935000,4904.521233,1249.395605,0.539000,0.976300
Release,100000,128,10,1000,20260121,baseline_bruteforce,-,9.918000,10082677.959266,97.622692,5.587000,1.000000
Release,100000,128,10,1000,20260121,hnsw,M=32;efC=200;efS=400,50574.921000,1977.264581,154.437435,1.935000,0.795400
Release,10000,128,10,1000,20260121,baseline_bruteforce,-,0.830000,12048192.771084,1184.169080,0.491000,1.000000
Release,10000,128,10,1000,20260121,hnsw,M=32;efC=200;efS=400,2455.540000,4072.423988,1203.753303,0.563000,0.987300
Release,100000,128,10,1000,20260121,baseline_bruteforce,-,10.555000,9474182.851729,100.297020,5.913000,1.000000
Release,100000,128,10,1000,20260121,hnsw,M=32;efC=200;efS=400,57716.274000,1732.613578,153.038441,2.058000,0.809900
Release,10000,128,10,1000,20260121,baseline_bruteforce,-,0.947000,10559662.090813,1194.957280,0.459000,1.000000
Release,10000,128,10,1000,20260121,hnsw,M=16;efC=200;efS=50,1402.787000,7128.666006,2159.691942,0.115000,0.521900
Release,10000,128,10,1000,20260121,hnsw,M=32;efC=200;efS=400,2435.218000,4106.408543,1240.300847,0.467000,0.987300
Release,10000,128,10,1000,20260121,hnsw,M=64;efC=200;efS=500,4435.610000,2254.481345,1023.096401,0.662000,0.998900
Release,10000,128,10,1000,20260121,hnsw,M=32;efC=200;efS=100,2454.157000,4074.718936,1771.359944,0.221000,0.876000
Release,10000,128,10,1000,20260121,hnsw,M=32;efC=200;efS=200,2438.183000,4101.414865,1496.206369,0.317000,0.955700
Release,100000,128,10,1000,20260121,baseline_bruteforce,-,11.161000,8959770.629872,100.495311,5.400000,1.000000
Release,100000,128,10,1000,20260121,hnsw,M=16;efC=200;efS=50,28844.995000,3466.805940,199.450076,0.283000,0.197700
Release,100000,128,10,1000,20260121,hnsw,M=32;efC=200;efS=400,57262.008000,1746.358598,151.870990,2.290000,0.809900
Release,100000,128,10,1000,20260121,hnsw,M=64;efC=200;efS=500,116519.006000,858.229086,122.721220,3.849000,0.958000
Release,100000,128,10,1000,20260121,hnsw,M=32;efC=200;efS=100,57060.138000,1752.536946,185.908542,0.721000,0.512100
Release,100000,128,10,1000,20260121,hnsw,M=32;efC=200;efS=200,57277.584000,1745.883695,171.310054,1.274000,0.672800
Release,10000,128,10,1000,20260121,baseline_bruteforce,-,1.386000,7215007.215007,1175.161320,0.552000,1.000000
Release,10000,128,10,1000,20260121,hnsw,M=32;efC=200;efS=400,2473.477000,4042.891848,1198.474582,0.528000,0.987300
Release,10000,128,10,1000,20260121,hnsw,M=32;efC=200;efS=200,2470.291000,4048.106073,1446.445361,0.396000,0.955700
Release,100000,128,10,1000,20260121,baseline_bruteforce,-,10.569000,9461633.077869,95.686711,6.146000,1.000000
Release,100000,128,10,1000,20260121,hnsw,M=32;efC=200;efS=400,63582.116000,1572.769299,142.118310,2.435000,0.809900
Release,100000,128,10,1000,20260121,hnsw,M=32;efC=200;efS=200,65160.519000,1534.671631,157.624411,1.577000,0.672800
Release,10000,128,10,1000,20260121,baseline_bruteforce,-,1.406000,7112375.533428,1180.866189,0.506000,1.000000
Release,10000,128,10,1000,20260121,hnsw,M=32;efC=200;efS=400,2128.666000,4697.777857,1207.404286,0.535000,0.984400
Release,10000,128,10,1000,20260121,hnsw,M=32;efC=200;efS=200,2139.848000,4673.229127,1491.362031,0.354000,0.952500
Release,100000,128,10,1000,20260121,baseline_bruteforce,-,11.992000,8338892.595063,94.867561,6.065000,1.000000
Release,100000,128,10,1000,20260121,hnsw,M=32;efC=200;efS=400,58565.923000,1707.477572,140.412048,2.480000,0.810100
Release,100000,128,10,1000,20260121,hnsw,M=32;efC=200;efS=200,60053.373000,1665.185401,159.461632,1.557000,0.671600
Release,10000,128,10,1000,20260121,baseline_bruteforce,-,0.818000,12224938.875306,1210.401708,0.444000,1.000000
Release,10000,128,10,1000,20260121,hnsw,M=32;efC=200;efS=400,2049.515000,4879.203129,1253.514541,0.488000,0.982800
Release,10000,128,10,1000,20260121,hnsw,M=32;efC=200;efS=200,2046.068000,4887.423096,1532.675100,0.303000,0.948200
Release,100000,128,10,1000,20260121,baseline_bruteforce,-,9.260000,10799136.069114,98.251439,5.594000,1.000000
Release,100000,128,10,1000,20260121,hnsw,M=32;efC=200;efS=400,52673.231000,1898.497550,152.044913,2.085000,0.804400
Release,100000,128,10,1000,20260121,hnsw,M=32;efC=200;efS=200,52349.495000,1910.238103,171.573497,1.233000,0.668000
Release,10000,128,10,1000,20260121,baseline_bruteforce,-,0.923000,10834236.186349,1105.320460,0.900000,1.000000
Release,10000,128,10,1000,20260121,hnsw,M=32;efC=200;efS=400,2083.258000,4800.173574,1161.212259,0.675000,0.982800
Release,10000,128,10,1000,20260121,hnsw,M=32;efC=200;efS=200,2071.752000,4826.832555,1496.737113,0.338000,0.948200
Release,100000,128,10,1000,20260121,baseline_bruteforce,-,15.076000,6633059.166888,94.697086,6.728000,1.000000
Release,100000,128,10,1000,20260121,hnsw,M=32;efC=200;efS=400,54193.988000,1845.223127,150.894062,2.039000,0.804400
Release,100000,128,10,1000,20260121,hnsw,M=32;efC=200;efS=200,57415.329000,1741.695149,162.967309,1.600000,0.668000
Release,10000,128,10,1000,20260121,baseline_bruteforce,-,0.917000,10905125.408942,1179.199394,0.501000,1.000000
Release,10000,128,10,1000,20260121,hnsw,M=32;efC=200;efS=400,2302.323000,4343.439213,1022.675790,0.770000,0.998800
Release,10000,128,10,1000,20260121,hnsw,M=32;efC=200;efS=200,2314.531000,4320.529732,1292.134904,0.475000,0.991600
Release,100000,128,10,1000,20260121,baseline_bruteforce,-,9.476000,10552975.939215,98.086884,5.807000,1.000000
Release,100000,128,10,1000,20260121,hnsw,M=32;efC=200;efS=400,87665.116000,1140.704588,122.159964,3.711000,0.930200
Release,10000,128,10,1000,20260121,baseline_bruteforce,-,1.081000,9250693.802035,1206.098032,0.454000,1.000000
Release,10000,128,10,1000,20260121,hnsw,M=32;efC=200;efS=400,2372.305000,4215.309583,1066.184467,0.596000,0.998800
Release,10000,128,10,1000,20260121,hnsw,M=32;efC=200;efS=200,2292.631000,4361.800918,1272.696959,0.468000,0.991600
Release,100000,128,10,1000,20260121,baseline_bruteforce,-,10.766000,9288500.835965,96.143317,5.881000,1.000000
Release,100000,128,10,1000,20260121,hnsw,M=32;efC=200;efS=400,89996.433000,1111.155150,122.290830,3.832000,0.930200
Release,100000,128,10,1000,20260121,hnsw,M=32;efC=200;efS=200,90513.066000,1104.812868,138.346609,2.910000,0.812800
Release,10000,128,10,1000,20260121,baseline_bruteforce,-,0.879000,11376564.277588,1186.840784,0.499000,1.000000
Release,10000,128,10,1000,20260121,hnsw,M=32;efC=200;efS=400,2176.023000,4595.539661,1166.739977,1.041000,0.979700
Release,10000,128,10,1000,20260121,hnsw,M=32;efC=200;efS=200,2181.826000,4583.316910,1494.551612,0.359000,0.946200
Release,100000,128,10,1000,20260121,baseline_bruteforce,-,10.458000,9562057.754829,92.547698,7.767000,1.000000
Release,100000,128,10,1000,20260121,hnsw,M=32;efC=200;efS=400,63751.118000,1568.599942,135.948493,2.880000,0.802400
Release,100000,128,10,1000,20260121,hnsw,M=32;efC=200;efS=200,62440.232000,1601.531525,155.253057,1.773000,0.668700
Release,10000,128,10,1000,20260121,baseline_bruteforce,-,0.885000,11299435.028249,1185.203446,0.522000,1.000000
Release,10000,128,10,1000,20260121,hnsw,M=32;efC=200;efS=400,2172.793000,4602.371234,1216.472497,0.555000,0.979700
Release,10000,128,10,1000,20260121,hnsw,M=32;efC=200;efS=200,2312.534000,4324.260746,1431.618731,0.456000,0.946200
Release,100000,128,10,1000,20260121,baseline_bruteforce,-,10.901000,9173470.323824,88.904188,8.022000,1.000000
Release,100000,128,10,1000,20260121,hnsw,M=32;efC=200;efS=400,47043.078000,2125.711247,164.436794,1.770000,0.802400
Release,100000,128,10,1000,20260121,hnsw,M=32;efC=200;efS=200,44272.814000,2258.722475,184.727062,1.051000,0.668700
Release,10000,128,10,1000,20260121,baseline_bruteforce,-,0.851000,11750881.316099,1273.737694,0.544000,1.000000
Release,10000,128,10,1000,20260121,hnsw,M=32;efC=200;efS=400,2039.883000,4902.241942,1378.692310,0.403000,0.979700
Release,10000,128,10,1000,20260121,hnsw,M=32;efC=200;efS=200,2112.035000,4734.770020,1577.456257,0.311000,0.946200
Release,100000,128,10,1000,20260121,baseline_bruteforce,-,10.944000,9137426.900585,105.253087,5.707000,1.000000
Release,100000,128,10,1000,20260121,hnsw,M=32;efC=200;efS=400,43449.852000,2301.503812,168.462817,1.689000,0.802400
Release,100000,128,10,1000,20260121,hnsw,M=32;efC=200;efS=200,43106.085000,2319.858090,187.406999,1.064000,0.668700
Release,10000,128,10,1000,20260121,baseline_bruteforce,-,0.791000,12642225.031606,1264.211315,0.507000,1.000000
Release,10000,128,10,1000,20260121,hnsw,M=32;efC=200;efS=400,2024.332000,4939.901162,1365.301411,0.421000,0.979700
Release,10000,128,10,1000,20260121,hnsw,M=32;efC=200;efS=200,2005.422000,4986.481648,1678.094490,0.301000,0.946200
Release,100000,128,10,1000,20260121,baseline_bruteforce,-,9.232000,10831889.081456,105.099789,5.585000,1.000000
Release,100000,128,10,1000,20260121,hnsw,M=32;efC=200;efS=400,43585.384000,2294.347114,169.273335,1.714000,0.802400
Release,100000,128,10,1000,20260121,hnsw,M=32;efC=200;efS=200,43303.877000,2309.262055,186.624649,1.046000,0.668700
Release,10000,128,10,1000,20260121,baseline_bruteforce,-,0.850000,11764705.882353,1231.345121,0.894000,1.000000
Release,10000,128,10,1000,20260121,hnsw,M=32;efC=200;efS=400,2038.821000,4904.795468,1393.976905,0.380000,0.979700
Release,10000,128,10,1000,20260121,hnsw,M=32;efC=200;efS=200,2036.561000,4910.238387,1692.431110,0.241000,0.946200
Release,100000,128,10,1000,20260121,baseline_bruteforce,-,8.712000,11478420.569330,104.567990,5.627000,1.000000
Release,100000,128,10,1000,20260121,hnsw,M=32;efC=200;efS=400,42920.596000,2329.883770,168.742708,1.685000,0.802400
Release,100000,128,10,1000,20260121,hnsw,M=32;efC=200;efS=200,43222.265000,2313.622389,188.480700,1.003000,0.668700
Release,10000,128,10,1000,20260121,baseline_bruteforce,-,0.795000,12578616.352201,3486.069666,0.181000,1.000000
Release,10000,128,10,1000,20260121,hnsw,M=32;efC=200;efS=400,954.692000,10474.582378,3285.528888,0.207000,0.979700
Release,10000,128,10,1000,20260121,hnsw,M=32;efC=200;efS=200,959.963000,10417.068158,4438.703721,0.122000,0.946200
Release,100000,128,10,1000,20260121,baseline_bruteforce,-,9.432000,10602205.258694,199.083024,3.150000,1.000000
Release,100000,128,10,1000,20260121,hnsw,M=32;efC=200;efS=400,18122.201000,5518.093525,354.873441,0.851000,0.802300
Release,100000,128,10,1000,20260121,hnsw,M=32;efC=200;efS=200,18243.215000,5481.489968,374.459047,0.585000,0.669700
Release,10000,128,10,1000,20260121,baseline_bruteforce,-,0.795000,12578616.352201,3443.644754,0.198000,1.000000
Release,10000,128,10,1000,20260121,hnsw,M=32;efC=200;efS=400,976.569000,10239.931843,3242.079600,0.230000,0.979700
Release,10000,128,10,1000,20260121,hnsw,M=32;efC=200;efS=200,948.079000,10547.644236,4341.823045,0.123000,0.946200
Release,100000,128,10,1000,20260121,baseline_bruteforce,-,8.540000,11709601.873536,209.204408,2.956000,1.000000
Release,100000,128,10,1000,20260121,hnsw,M=32;efC=200;efS=400,18405.668000,5433.108975,357.009998,0.815000,0.802300
Release,100000,128,10,1000,20260121,hnsw,M=32;efC=200;efS=200,18215.085000,5489.955166,402.516371,0.483000,0.669700
Debug,10000,128,10,1000,20260121,baseline_bruteforce,-,0.847000,11806375.442739,3335.267789,0.207000,1.000000
Debug,10000,128,10,1000,20260121,hnsw,M=32;efC=200;efS=400,979.051000,10213.972510,3210.747012,0.212000,0.979700
Debug,10000,128,10,1000,20260121,hnsw,M=32;efC=200;efS=200,981.259000,10190.989331,4263.065229,0.131000,0.946200
Debug,100000,128,10,1000,20260121,baseline_bruteforce,-,9.826000,10177081.213108,162.968743,6.672000,1.000000
Debug,100000,128,10,1000,20260121,hnsw,M=32;efC=200;efS=400,30815.179000,3245.153955,353.278121,0.861000,0.802300
Debug,100000,128,10,1000,20260121,hnsw,M=32;efC=200;efS=200,18676.715000,5354.260640,387.122449,0.510000,0.669700
Release,10000,128,10,1000,20260121,baseline_bruteforce,-,0.876000,11415525.114155,3455.628009,0.172000,1.000000
Release,10000,128,10,1000,20260121,hnsw,M=32;efC=200;efS=400,1013.351000,9868.249008,3004.130680,0.309000,0.979700
Release,10000,128,10,1000,20260121,hnsw,M=32;efC=200;efS=200,942.781000,10606.917195,4417.644070,0.125000,0.946200
Release,100000,128,10,1000,20260121,baseline_bruteforce,-,7.895000,12666244.458518,151.695347,6.631000,1.000000
Release,100000,128,10,1000,20260121,hnsw,M=32;efC=200;efS=400,23204.891000,4309.436317,329.867308,0.877000,0.802300
Release,100000,128,10,1000,20260121,hnsw,M=32;efC=200;efS=200,18390.600000,5437.560493,370.081159,0.460000,0.669700
Release,10000,128,10,1000,20260121,baseline_bruteforce,-,0.930000,10752688.172043,3433.110982,0.179000,1.000000
Release,10000,128,10,1000,20260121,hnsw,M=32;efC=200;efS=400,962.696000,10387.495118,2984.379756,0.413000,0.979700
Release,10000,128,10,1000,20260121,hnsw,M=32;efC=200;efS=200,945.695000,10574.233765,4450.279255,0.126000,0.946200
Release,100000,128,10,1000,20260121,baseline_bruteforce,-,7.923000,12621481.761959,174.274686,3.473000,1.000000
Release,100000,128,10,1000,20260121,hnsw,M=32;efC=200;efS=400,18143.860000,5511.506372,324.113178,0.852000,0.802300
Release,100000,128,10,1000,20260121,hnsw,M=32;efC=200;efS=200,18923.314000,5284.486639,364.614724,0.498000,0.669700
Release,10000,128,10,1000,20260121,baseline_bruteforce,-,0.795000,12578616.352201,3365.768119,0.195000,1.000000
Release,10000,128,10,1000,20260121,hnsw,M=32;efC=200;efS=400,1058.730000,9445.278777,3048.845555,0.234000,0.979700
Release,10000,128,10,1000,20260121,hnsw,M=32;efC=200;efS=200,1048.083000,9541.229082,4219.266860,0.133000,0.946200
Release,100000,128,10,1000,20260121,baseline_bruteforce,-,7.901000,12656625.743577,178.073966,3.407000,1.000000
Release,100000,128,10,1000,20260121,hnsw,M=32;efC=200;efS=400,18042.201000,5542.561021,317.417088,0.835000,0.802300
Release,100000,128,10,1000,20260121,hnsw,M=32;efC=200;efS=200,17928.820000,5577.611912,353.685956,0.519000,0.669700
Release,10000,128,10,1000,20260121,baseline_bruteforce,-,0.824000,12135922.330097,3357.969637,0.174000,1.000000
Release,10000,128,10,1000,20260121,hnsw,M=32;efC=200;efS=400,1098.517000,9103.181835,3071.243639,0.258000,0.979700
Release,10000,128,10,1000,20260121,hnsw,M=32;efC=200;efS=200,1072.736000,9321.958059,4242.483380,0.135000,0.946200
Release,100000,128,10,1000,20260121,baseline_bruteforce,-,8.253000,12116806.009936,170.906019,3.481000,1.000000
Release,100000,128,10,1000,20260121,hnsw,M=32;efC=200;efS=400,17872.996000,5595.032864,315.614623,0.810000,0.802300
Release,100000,128,10,1000,20260121,hnsw,M=32;efC=200;efS=200,17905.733000,5584.803482,352.638405,0.463000,0.669700
Release,10000,128,10,1000,20260121,baseline_bruteforce,-,0.973000,10277492.291881,3431.661885,0.172000,1.000000
Release,10000,128,10,1000,20260121,hnsw,M=32;efC=200;efS=400,1081.161000,9249.316244,3033.713660,0.347000,0.979700
Release,10000,128,10,1000,20260121,hnsw,M=32;efC=200;efS=200,1063.843000,9399.883253,4267.340337,0.129000,0.946200
Release,100000,128,10,1000,20260121,baseline_bruteforce,-,8.231000,12149192.078727,172.390847,3.494000,1.000000
Release,100000,128,10,1000,20260121,hnsw,M=32;efC=200;efS=400,18092.072000,5527.282889,315.108508,0.799000,0.802300
Release,100000,128,10,1000,20260121,hnsw,M=32;efC=200;efS=200,18091.269000,5527.528224,351.592344,0.468000,0.669700
Release,10000,128,10,1000,20260121,baseline_bruteforce,-,0.936000,10683760.683761,3322.192913,0.252000,1.000000
Release,10000,128,10,1000,20260121,hnsw,M=32;efC=200;efS=400,74.869000,133566.629713,2880.010138,0.256000,0.979400
Release,10000,128,10,1000,20260121,hnsw,M=32;efC=200;efS=200,67.228000,148747.545665,3949.540668,0.211000,0.945900
Release,100000,128,10,1000,20260121,baseline_bruteforce,-,8.398000,11907597.046916,166.347363,3.612000,1.000000
Release,100000,128,10,1000,20260121,hnsw,M=32;efC=200;efS=400,1923.645000,51984.643736,309.009544,0.900000,0.803300
Release,100000,128,10,1000,20260121,hnsw,M=32;efC=200;efS=200,1983.129000,50425.363151,343.370157,0.627000,0.667300
Release,10000,128,10,1000,20260121,baseline_bruteforce,-,0.865000,11560693.641618,3287.959492,0.224000,1.000000
Release,10000,128,10,1000,20260121,hnsw,M=32;efC=200;efS=400,72.448000,138030.035336,2683.692009,0.408000,0.979700
Release,10000,128,10,1000,20260121,hnsw,M=32;efC=200;efS=200,76.253000,131142.381283,3508.058009,0.279000,0.945800
Release,100000,128,10,1000,20260121,baseline_bruteforce,-,8.963000,11156978.690171,162.178853,3.922000,1.000000
Release,100000,128,10,1000,20260121,hnsw,M=32;efC=200;efS=400,2084.848000,47965.127434,293.306654,0.958000,0.801700
Release,100000,128,10,1000,20260121,hnsw,M=32;efC=200;efS=200,2120.781000,47152.440540,317.506986,0.698000,0.669400
Release,10000,128,10,1000,20260121,baseline_bruteforce,-,0.804000,12437810.945274,3283.867345,0.272000,1.000000
Release,10000,128,10,1000,20260121,hnsw,M=32;efC=200;efS=400,74.723000,133827.603281,2716.601423,0.425000,0.979500
Release,10000,128,10,1000,20260121,hnsw,M=32;efC=200;efS=200,70.108000,142637.074228,3836.753799,0.175000,0.946000
Release,100000,128,10,1000,20260121,baseline_bruteforce,-,9.024000,11081560.283688,163.464346,3.902000,1.000000
Release,100000,128,10,1000,20260121,hnsw,M=32;efC=200;efS=400,2016.563000,49589.325997,295.545567,1.065000,0.802300
Release,100000,128,10,1000,20260121,hnsw,M=32;efC=200;efS=200,2014.986000,49628.136374,325.033495,0.623000,0.669100
Release,10000,128,10,1000,20260121,baseline_bruteforce,-,0.870000,11494252.873563,3253.545551,0.218000,1.000000
Release,10000,128,10,1000,20260121,hnsw,M=32;efC=200;efS=400,81.242000,123089.042613,2741.972191,0.376000,0.979200
Release,10000,128,10,1000,20260121,hnsw,M=32;efC=200;efS=200,78.582000,127255.605609,3916.116779,0.168000,0.946100
Release,100000,128,10,1000,20260121,baseline_bruteforce,-,8.910000,11223344.556678,162.193636,3.977000,1.000000
Release,100000,128,10,1000,20260121,hnsw,M=32;efC=200;efS=400,1974.419000,50647.810824,293.444193,0.944000,0.801400
Release,100000,128,10,1000,20260121,hnsw,M=32;efC=200;efS=200,2014.095000,49650.090984,326.926554,0.558000,0.671500
Release,10000,128,10,1000,20260121,baseline_bruteforce,-,0.795000,12578616.352201,3328.052823,0.191000,1.000000
Release,10000,128,10,1000,20260121,hnsw,M=32;efC=200;efS=400,66.253000,150936.561363,2762.843076,0.306000,0.979800
Release,10000,128,10,1000,20260121,hnsw,M=32;efC=200;efS=200,66.922000,149427.691940,3738.597278,0.267000,0.946300
Release,100000,128,10,1000,20260121,baseline_bruteforce,-,9.226000,10838933.448949,164.469897,3.797000,1.000000
Release,100000,128,10,1000,20260121,hnsw,M=32;efC=200;efS=400,2000.792000,49980.207838,291.646628,1.063000,0.802900
Release,100000,128,10,1000,20260121,hnsw,M=32;efC=200;efS=200,1974.507000,50645.553548,318.506231,0.624000,0.668400
Release,10000,128,10,1000,20260121,baseline_bruteforce,-,0.875000,11428571.428571,3459.884371,0.214000,1.000000
Release,10000,128,10,1000,20260121,hnsw,M=32;efC=200;efS=400,77.172000,129580.676929,3009.446653,0.336000,0.979700
Release,10000,128,10,1000,20260121,hnsw,M=64;efC=200;efS=600,122.100000,81900.081900,2133.033002,0.560000,0.998900
Release,100000,128,10,1000,20260121,baseline_bruteforce,-,8.080000,12376237.623762,170.280965,3.666000,1.000000
Release,100000,128,10,1000,20260121,hnsw,M=32;efC=200;efS=400,1881.457000,53150.297881,310.185531,0.994000,0.803700
Release,100000,128,10,1000,20260121,hnsw,M=64;efC=200;efS=600,3934.314000,25417.391698,254.295561,1.575000,0.960900
Release,10000,128,10,1000,20260121,baseline_bruteforce,-,0.764000,13089005.235602,3557.668020,0.168000,1.000000
Release,10000,128,10,1000,20260121,hnsw,M=32;efC=200;efS=400,69.417000,144056.931299,2875.314847,0.378000,0.979500
Release,10000,128,10,1000,20260121,hnsw,M=64;efC=200;efS=600,123.800000,80775.444265,2051.387251,0.509000,0.998800
Release,100000,128,10,1000,20260121,baseline_bruteforce,-,8.566000,11674060.238151,169.827352,3.541000,1.000000
Release,100000,128,10,1000,20260121,hnsw,M=32;efC=200;efS=400,1899.586000,52643.049591,311.666390,0.840000,0.801100
Release,100000,128,10,1000,20260121,hnsw,M=64;efC=200;efS=600,4025.969000,24838.740686,252.560011,1.599000,0.960800
Release,1000000,128,10,1000,20260121,baseline_bruteforce,-,98.930000,10108157.282927,17.263928,32.503000,1.000000
Release,1000000,128,10,1000,20260121,hnsw,M=32;efC=200;efS=400,108038.798000,9255.934151,33.492561,1.295000,0.442800
Release,1000000,128,10,1000,20260121,hnsw,M=64;efC=200;efS=600,241557.933000,4139.793662,32.214998,2.848000,0.740900
Release,10000,128,10,1000,20260121,baseline_bruteforce,-,0.824000,12135922.330097,3404.266908,0.209000,1.000000
Release,10000,128,10,1000,20260121,hnsw,M=32;efC=200;efS=400,117.289000,85259.487249,2314.638002,0.540000,0.997200
Release,10000,128,10,1000,20260121,hnsw,M=64;efC=200;efS=600,244.288000,40935.289494,1588.597681,0.978000,1.000000
Release,100000,128,10,1000,20260121,baseline_bruteforce,-,9.567000,10452597.470471,179.326007,4.157000,1.000000
Release,100000,128,10,1000,20260121,hnsw,M=32;efC=200;efS=400,4361.497000,22927.907551,283.087236,1.395000,0.933400
Release,100000,128,10,1000,20260121,hnsw,M=64;efC=200;efS=600,9243.072000,10818.913885,226.453737,2.999000,0.991600
Release,1000000,128,10,1000,20260121,baseline_bruteforce,-,87.587000,11417219.450375,20.322505,27.877000,1.000000
Release,1000000,128,10,1000,20260121,baseline_bruteforce,-,86.514000,11558822.849481,20.087535,30.743000,1.000000
Release,1000000,128,10,1000,20260121,hnsw,M=32;efC=200;efS=400,235933.020000,4238.491077,38.094822,2.151000,0.659500
Release,1000000,128,10,1000,20260121,baseline_bruteforce,-,87.906000,11375787.773303,20.297043,28.161000,1.000000
Release,1000000,128,10,1000,20260121,baseline_bruteforce,-,85.933000,11636972.990586,20.248650,31.300000,1.000000
Release,1000000,128,10,1000,20260121,baseline_bruteforce,-,89.542000,11167943.534877,20.398432,30.907000,1.000000
Release,1000000,128,10,1000,20260121,baseline_bruteforce,-,91.462000,10933502.438171,19.702924,32.413000,1.000000
Release,1000000,128,10,1000,20260121,hnsw,M=64;efC=200;efS=512,557087.761000,1795.049308,34.889147,4.520000,0.877500
Release,1000000,128,10,1000,20260121,baseline_bruteforce,-,91.999000,10869683.366124,19.949722,28.601000,1.000000
Release,1000000,128,10,1000,20260121,hnsw,M=64;efC=200;efS=512,550551.602000,1816.360167,35.279010,4.455000,0.878200
Release,1000000,128,10,1000,20260121,baseline_bruteforce,-,85.659000,11674196.523424,19.245506,32.345000,1.000000
Release,1000000,128,10,1000,20260121,hnsw,M=64;efC=200;efS=512,545929.471000,1831.738444,35.230433,4.359000,0.877200
Release,1000000,128,10,1000,20260121,baseline_bruteforce,-,84.249000,11869577.086968,20.035948,31.461000,1.000000
Release,1000000,128,10,1000,20260121,hnsw,M=64;efC=200;efS=512,541932.034000,1845.249842,35.298517,4.466000,0.878300
Release,1000000,128,10,1000,20260121,baseline_bruteforce,-,99.971000,10002900.841244,15.982045,38.695000,1.000000
Release,1000000,128,10,1000,20260121,hnsw,M=64;efC=200;efS=512,668166.755000,1496.632379,28.111024,5.450000,0.878300
Release,1000000,128,10,1000,20260121,baseline_bruteforce,-,99.786000,10021445.894214,16.082528,36.845000,1.000000
Release,10000,128,10,1000,20260121,baseline_bruteforce,-,0.772000,12953367.875648,3319.204586,0.209000,1.000000
Release,10000,128,10,1000,20260121,hnsw,M=32;efC=200;efS=400,837.248000,11943.892371,2299.929162,0.400000,0.999600
Release,100000,128,10,1000,20260121,baseline_bruteforce,-,10.146000,9856100.926473,192.858191,3.114000,1.000000
Release,100000,128,10,1000,20260121,hnsw,M=32;efC=200;efS=400,19964.679000,5008.845872,298.327131,1.293000,0.953600
Release,1000000,128,10,1000,20260121,baseline_bruteforce,-,92.390000,10823682.216690,20.173919,28.698000,1.000000
Release,1000000,128,10,1000,20260121,baseline_bruteforce,-,87.453000,11434713.503253,19.835413,28.102000,1.000000
Release,1000000,128,10,1000,20260121,hnsw,M=32;efC=200;efS=400,1696921.537000,589.302439,37.739085,2.183000,0.669000
Release,100000,128,10,1000,20260121,baseline_bruteforce,-,9.703000,10306090.899722,190.221294,3.224000,1.000000
Release,100000,128,10,1000,20260121,hnsw,M=32;efC=200;efS=400,541.872000,184545.427702,426.347054,0.330000,0.011200
Release,100000,128,10,1000,20260121,baseline_bruteforce,-,9.157000,10920607.185760,188.776946,3.519000,1.000000
Release,100000,128,10,1000,20260121,hnsw,M=32;efC=200;efS=400,528.837000,189094.182139,431.545827,0.251000,0.011200
Release,100000,128,10,1000,20260121,baseline_bruteforce,-,13.201000,7575183.698205,178.420313,5.336000,1.000000
Release,100000,128,10,1000,20260121,hnsw,M=32;efC=200;efS=400,21685.839000,4611.304179,295.511680,1.520000,0.945400
Release,100000,128,10,1000,20260121,baseline_bruteforce,-,9.032000,11071744.906997,189.034202,3.291000,1.000000
Release,100000,128,10,1000,20260121,hnsw,M=32;efC=200;efS=400,23458.053000,4262.928385,296.091796,1.467000,0.931700
Release,100000,128,10,1000,20260121,baseline_bruteforce,-,8.834000,11319900.384877,187.642608,3.539000,1.000000
Release,100000,128,10,1000,20260121,hnsw,M=32;efC=200;efS=400,21985.763000,4548.397979,295.951151,1.431000,0.945700
Release,100000,128,10,1000,20260121,baseline_bruteforce,-,9.124000,10960105.217010,189.033809,4.000000,1.000000
Release,100000,128,10,1000,20260121,hnsw,M=32;efC=200;efS=400,24596.569000,4065.607687,290.733171,1.371000,0.945700
Release,100000,128,10,1000,20260121,baseline_bruteforce,-,8.972000,11145786.892555,190.130226,3.419000,1.000000
Release,100000,128,10,1000,20260121,hnsw,M=32;efC=200;efS=400,24804.167000,4031.580661,295.078039,1.437000,0.946000
Release,100000,128,10,1000,20260121,baseline_bruteforce,-,8.884000,11256190.904998,190.374621,3.184000,1.000000
Release,100000,128,10,1000,20260121,hnsw,M=32;efC=200;efS=400,25686.434000,3893.105598,289.290244,1.665000,0.945600
Release,100000,128,10,1000,20260121,baseline_bruteforce,-,9.044000,11057054.400708,190.254843,3.298000,1.000000
Release,100000,128,10,1000,20260121,hnsw,M=32;efC=200;efS=400,26686.964000,3747.147858,294.584216,1.456000,0.945400
Release,100000,128,10,1000,20260121,baseline_bruteforce,-,9.457000,10574177.857672,191.329959,3.261000,1.000000
Release,100000,128,10,1000,20260121,hnsw,M=32;efC=200;efS=400,26969.853000,3707.843717,292.540338,1.426000,0.945600
Release,100000,128,10,1000,20260121,baseline_bruteforce,-,8.720000,11467889.908257,188.880421,3.481000,1.000000
Release,100000,128,10,1000,20260121,hnsw,M=32;efC=200;efS=400,22023.102000,4540.686412,294.225299,1.401000,0.945600
Release,100000,128,10,1000,20260121,baseline_bruteforce,-,10.108000,9893153.937475,187.831064,3.244000,1.000000
Release,100000,128,10,1000,20260121,hnsw,M=32;efC=200;efS=400,22306.816000,4482.934723,291.794704,1.512000,0.946100
Release,100000,128,10,1000,20260121,baseline_bruteforce,-,9.244000,10817827.780182,189.229797,3.363000,1.000000
Release,100000,128,10,1000,20260121,hnsw,M=32;efC=200;efS=400,23329.186000,4286.476176,291.956312,1.493000,0.945900
Release,100000,128,10,1000,20260121,baseline_bruteforce,-,11.842000,8444519.506840,176.715630,4.753000,1.000000
Release,100000,128,10,1000,20260121,hnsw,M=32;efC=200;efS=400,24561.751000,4071.370970,263.011785,2.438000,0.945300
Release,100000,128,10,1000,20260121,baseline_bruteforce,-,9.087000,11004732.034775,188.122898,3.452000,1.000000
Release,100000,128,10,1000,20260121,hnsw,M=32;efC=200;efS=400,24628.724000,4060.299673,293.729924,1.432000,0.945000
Release,100000,128,10,1000,20260121,baseline_bruteforce,-,10.839000,9225943.352708,180.984993,5.180000,1.000000
Release,100000,128,10,1000,20260121,hnsw,M=32;efC=200;efS=400,24037.068000,4160.241174,294.662165,1.467000,0.936800
Release,100000,128,10,1000,20260121,baseline_bruteforce,-,9.127000,10956502.684343,190.899660,3.235000,1.000000
Release,100000,128,10,1000,20260121,hnsw,M=32;efC=200;efS=400,25626.153000,3902.263442,295.260043,1.441000,0.937200
Release,100000,128,10,1000,20260121,baseline_bruteforce,-,9.338000,10708931.248661,185.048626,4.086000,1.000000
Release,100000,128,10,1000,20260121,hnsw,M=32;efC=200;efS=400,25388.295000,3938.822989,298.458106,1.350000,0.936900
Release,100000,128,10,1000,20260121,baseline_bruteforce,-,9.383000,10657572.205052,181.788897,5.191000,1.000000
Release,100000,128,10,1000,20260121,hnsw,M=32;efC=200;efS=400,25187.530000,3970.218596,292.454784,1.505000,0.945400
Release,100000,128,10,1000,20260121,baseline_bruteforce,-,9.002000,11108642.523884,189.439254,3.535000,1.000000
Release,100000,128,10,1000,20260121,hnsw,M=32;efC=200;efS=400,26012.812000,3844.259513,269.217122,2.134000,0.945700
Release,100000,128,10,1000,20260121,baseline_bruteforce,-,9.167000,10908694.229301,168.602703,5.648000,1.000000
Release,100000,128,10,1000,20260121,baseline_bruteforce,-,9.179000,10894432.944765,203.775720,2.877000,1.000000
Release,1000000,128,10,1000,20260121,baseline_bruteforce,-,100.463000,9953913.381046,19.690188,31.959000,1.000000
Release,1000000,128,10,1000,20260121,baseline_bruteforce,-,109.207000,9156922.175318,18.616486,29.700000,1.000000
Release,1000000,128,10,1000,20260121,baseline_bruteforce,-,130.262000,7676835.915309,17.565955,35.285000,1.000000
Release,100000,128,10,1000,20260121,baseline_bruteforce,-,7.037500,14209591.474245,205.756071,3.019900,1.000000
Release,100000,128,10,1000,20260121,hnsw,M=32;efC=400;efS=400,160386.247800,623.494853,289.889893,1.525700,0.939000
baseline_bruteforce,,8.503700,380.162006,1.000000,3.438200
ivf,nlist=1024;nprobe=16,1567.873200,10583.836154,0.172000,0.136700
ivf,nlist=1024;nprobe=32,2058.751000,6426.413072,0.259300,0.230500
ivf,nlist=1024;nprobe=64,2178.131800,3548.935923,0.385300,0.405200
hnsw,M=16;efC=200;efS=50,50529.800000,4151.215497,0.377100,0.347300
hnsw,M=32;efC=200;efS=100,77347.025800,1975.875743,0.722600,0.683800
baseline_bruteforce,,67.850200,39.996422,1.000000,27.997300
ivf,nlist=1024;nprobe=16,31388.384500,1722.139062,0.160400,0.709200
ivf,nlist=1024;nprobe=32,36230.169900,921.790501,0.252100,1.333700
ivf,nlist=1024;nprobe=64,36944.764000,496.820917,0.374700,2.294100
hnsw,M=16;efC=200;efS=50,844892.421500,2327.880583,0.146400,0.567600
hnsw,M=32;efC=200;efS=100,1189311.795600,1126.215919,0.372200,1.061700
